program,threads,steps,size,time(s)
omp,4,100,100,0.010339
omp,4,1000,100,0.047042
omp,4,10000,100,0.375628
omp,4,100000,100,3.657432
omp,4,100,1000,0.621634
omp,4,1000,1000,4.287486
omp,4,10000,1000,36.68247
omp,4,100000,1000,358.492834
omp,4,100,2000,2.432052
omp,4,1000,2000,16.738927
omp,4,10000,2000,157.136858
omp,4,100000,2000,1440.691108
