program,threads,steps,size,time(s)
omp,1,100,100,0.023784
omp,1,1000,100,0.151429
omp,1,10000,100,1.296468
omp,1,100000,100,12.819621
omp,1,100,1000,1.667607
omp,1,1000,1000,14.936403
omp,1,10000,1000,135.606736
omp,1,100000,1000,1331.956969
omp,1,100,2000,6.344592
omp,1,1000,2000,59.242891
omp,1,10000,2000,583.12579
omp,1,100000,2000,5374.222172
