program,threads,steps,size,time(s)
omp,1,100,100,0.023784
omp,1,1000,100,0.151429
omp,1,10000,100,1.296468
omp,1,100000,100,12.819621
omp,2,100,100,0.014906
omp,2,1000,100,0.08076
omp,2,10000,100,0.691538
omp,2,100000,100,6.75271
omp,4,100,100,0.010339
omp,4,1000,100,0.047042
omp,4,10000,100,0.375628
omp,4,100000,100,3.657432
omp,8,100,100,0.015886
omp,8,1000,100,0.08615
omp,8,10000,100,0.765333
omp,8,100000,100,7.254863
