program,threads,steps,size,time(s)
omp,1,100,2000,6.344592
omp,1,1000,2000,59.242891
omp,1,10000,2000,583.12579
omp,1,100000,2000,5374.222172
omp,2,100,2000,3.766311
omp,2,1000,2000,31.113219
omp,2,10000,2000,300.843573
omp,2,100000,2000,2820.720803
omp,4,100,2000,2.432052
omp,4,1000,2000,16.738927
omp,4,10000,2000,157.136858
omp,4,100000,2000,1440.691108
omp,8,100,2000,2.452237
omp,8,1000,2000,17.468413
omp,8,10000,2000,166.913589
omp,8,100000,2000,1493.628449
