program,threads,steps,size,time(s)
omp,8,100,100,0.015886
omp,8,1000,100,0.08615
omp,8,10000,100,0.765333
omp,8,100000,100,7.254863
omp,8,100,1000,0.670591
omp,8,1000,1000,4.538504
omp,8,10000,1000,39.480683
omp,8,100000,1000,377.120077
omp,8,100,2000,2.452237
omp,8,1000,2000,17.468413
omp,8,10000,2000,166.913589
omp,8,100000,2000,1493.628449
