program,threads,steps,size,time(s)
omp,2,100,100,0.014906
omp,2,1000,100,0.08076
omp,2,10000,100,0.691538
omp,2,100000,100,6.75271
omp,2,100,1000,1.007961
omp,2,1000,1000,7.899948
omp,2,10000,1000,70.097145
omp,2,100000,1000,687.403504
omp,2,100,2000,3.766311
omp,2,1000,2000,31.113219
omp,2,10000,2000,300.843573
omp,2,100000,2000,2820.720803
