program,threads,steps,size,time(s)
omp,1,100,1000,1.667607
omp,1,1000,1000,14.936403
omp,1,10000,1000,135.606736
omp,1,100000,1000,1331.956969
omp,2,100,1000,1.007961
omp,2,1000,1000,7.899948
omp,2,10000,1000,70.097145
omp,2,100000,1000,687.403504
omp,4,100,1000,0.621634
omp,4,1000,1000,4.287486
omp,4,10000,1000,36.68247
omp,4,100000,1000,358.492834
omp,8,100,1000,0.670591
omp,8,1000,1000,4.538504
omp,8,10000,1000,39.480683
omp,8,100000,1000,377.120077
